season,mnth,holiday,weekday,workingday,weathersit,temp,hum,windspeed,cnt
1,1,0,6,0,2,0.344167,0.805833,0.160446,985
1,1,0,0,0,2,0.363478,0.696087,0.248539,801
1,1,0,1,1,1,0.196364,0.437273,0.248309,1349
1,1,0,2,1,1,0.2,0.590435,0.160296,1562
1,1,0,3,1,1,0.226957,0.436957,0.1869,1600
1,1,0,4,1,1,0.204348,0.518261,0.0895652,1606
1,1,0,5,1,2,0.196522,0.498696,0.168726,1510
1,1,0,6,0,2,0.165,0.535833,0.266804,959
1,1,0,0,0,1,0.138333,0.434167,0.36195,822
1,1,0,1,1,1,0.150833,0.482917,0.223267,1321
1,1,0,2,1,2,0.169091,0.686364,0.122132,1263
1,1,0,3,1,1,0.172727,0.599545,0.304627,1162
1,1,0,4,1,1,0.165,0.470417,0.301,1406
1,1,0,5,1,1,0.16087,0.537826,0.126548,1421
1,1,0,6,0,2,0.233333,0.49875,0.157963,1248
1,1,0,0,0,1,0.231667,0.48375,0.188433,1204
1,1,1,1,0,2,0.175833,0.5375,0.194017,1000
1,1,0,2,1,2,0.216667,0.861667,0.146775,683
1,1,0,3,1,2,0.292174,0.741739,0.208317,1650
1,1,0,4,1,2,0.261667,0.538333,0.195904,1927
1,1,0,5,1,1,0.1775,0.457083,0.353242,1543
1,1,0,6,0,1,0.0591304,0.4,0.17197,981
1,1,0,0,0,1,0.0965217,0.436522,0.2466,986
1,1,0,1,1,1,0.0973913,0.491739,0.15833,1416
1,1,0,2,1,2,0.223478,0.616957,0.129796,1985
1,1,0,3,1,3,0.2175,0.8625,0.29385,506
1,1,0,4,1,1,0.195,0.6875,0.113837,431
1,1,0,5,1,2,0.203478,0.793043,0.1233,1167
1,1,0,6,0,1,0.196522,0.651739,0.145365,1098
1,1,0,0,0,1,0.216522,0.722174,0.0739826,1096
1,1,0,1,1,2,0.180833,0.60375,0.187192,1501
1,2,0,2,1,2,0.192174,0.829565,0.053213,1360
1,2,0,3,1,2,0.26,0.775417,0.264308,1526
1,2,0,4,1,1,0.186957,0.437826,0.277752,1550
1,2,0,5,1,2,0.211304,0.585217,0.127839,1708
1,2,0,6,0,2,0.233333,0.929167,0.161079,1005
1,2,0,0,0,1,0.285833,0.568333,0.1418,1623
1,2,0,1,1,1,0.271667,0.738333,0.0454083,1712
1,2,0,2,1,1,0.220833,0.537917,0.36195,1530
1,2,0,3,1,2,0.134783,0.494783,0.188839,1605
1,2,0,4,1,1,0.144348,0.437391,0.221935,1538
1,2,0,5,1,1,0.189091,0.506364,0.10855,1746
1,2,0,6,0,1,0.2225,0.544167,0.203367,1472
1,2,0,0,0,1,0.316522,0.457391,0.260883,1589
1,2,0,1,1,1,0.415,0.375833,0.417908,1913
1,2,0,2,1,1,0.266087,0.314348,0.291374,1815
1,2,0,3,1,1,0.318261,0.423478,0.251791,2115
1,2,0,4,1,1,0.435833,0.505,0.230104,2475
1,2,0,5,1,1,0.521667,0.516667,0.264925,2927
1,2,0,6,0,1,0.399167,0.187917,0.507463,1635
1,2,0,0,0,1,0.285217,0.407826,0.223235,1812
1,2,1,1,0,2,0.303333,0.605,0.307846,1107
1,2,0,2,1,1,0.182222,0.577778,0.195683,1450
1,2,0,3,1,1,0.221739,0.423043,0.094113,1917
1,2,0,4,1,2,0.295652,0.697391,0.250496,1807
1,2,0,5,1,2,0.364348,0.712174,0.346539,1461
1,2,0,6,0,1,0.2825,0.537917,0.186571,1969
1,2,0,0,0,1,0.343478,0.68,0.125248,2402
1,2,0,1,1,2,0.407273,0.876364,0.289686,1446
1,3,0,2,1,1,0.266667,0.535,0.216425,1851
1,3,0,3,1,1,0.335,0.449583,0.307833,2134
1,3,0,4,1,1,0.198333,0.318333,0.225754,1685
1,3,0,5,1,2,0.261667,0.610417,0.203346,1944
1,3,0,6,0,2,0.384167,0.789167,0.251871,2077
1,3,0,0,0,2,0.376522,0.948261,0.343287,605
1,3,0,1,1,1,0.261739,0.551304,0.341352,1872
1,3,0,2,1,1,0.2925,0.420833,0.12065,2133
1,3,0,3,1,2,0.295833,0.775417,0.22015,1891
1,3,0,4,1,3,0.389091,0,0.261877,623
1,3,0,5,1,2,0.316522,0.649565,0.23297,1977
1,3,0,6,0,1,0.329167,0.594583,0.220775,2132
1,3,0,0,0,1,0.384348,0.527391,0.270604,2417
1,3,0,1,1,1,0.325217,0.496957,0.136926,2046
1,3,0,2,1,2,0.317391,0.655652,0.184309,2056
1,3,0,3,1,2,0.365217,0.776522,0.203117,2192
1,3,0,4,1,1,0.415,0.602917,0.209579,2744
1,3,0,5,1,1,0.54,0.525217,0.231017,3239
1,3,0,6,0,1,0.4725,0.379167,0.368167,3117
1,3,0,0,0,1,0.3325,0.47375,0.207721,2471
2,3,0,1,1,2,0.430435,0.737391,0.288783,2077
2,3,0,2,1,1,0.441667,0.624583,0.22575,2703
2,3,0,3,1,2,0.346957,0.839565,0.234261,2121
2,3,0,4,1,2,0.285,0.805833,0.243787,1865
2,3,0,5,1,1,0.264167,0.495,0.230725,2210
2,3,0,6,0,1,0.265833,0.394167,0.209571,2496
2,3,0,0,0,2,0.253043,0.493913,0.1843,1693
2,3,0,1,1,1,0.264348,0.302174,0.212204,2028
2,3,0,2,1,1,0.3025,0.314167,0.226996,2425
2,3,0,3,1,2,0.3,0.646667,0.17288799999999999,1536
2,3,0,4,1,3,0.268333,0.918333,0.217646,1685
2,4,0,5,1,2,0.3,0.68625,0.258708,2227
2,4,0,6,0,2,0.315,0.65375,0.197146,2252
2,4,0,0,0,1,0.378333,0.48,0.18221300000000001,3249
2,4,0,1,1,1,0.573333,0.42625,0.385571,3115
2,4,0,2,1,2,0.414167,0.642083,0.388067,1795
2,4,0,3,1,1,0.390833,0.470833,0.263063,2808
2,4,0,4,1,1,0.4375,0.602917,0.162312,3141
2,4,0,5,1,2,0.335833,0.83625,0.226992,1471
2,4,0,6,0,2,0.3425,0.8775,0.133083,2455
2,4,0,0,0,2,0.426667,0.8575,0.146767,2895
2,4,0,1,1,2,0.595652,0.716956,0.324474,3348
2,4,0,2,1,2,0.5025,0.739167,0.274879,2034
2,4,0,3,1,2,0.4125,0.819167,0.250617,2162
2,4,0,4,1,1,0.4675,0.540417,0.1107,3267
2,4,1,5,0,1,0.446667,0.67125,0.226375,3126
2,4,0,6,0,3,0.430833,0.888333,0.340808,795
2,4,0,0,0,1,0.456667,0.479583,0.303496,3744
2,4,0,1,1,1,0.5125,0.5425,0.163567,3429
2,4,0,2,1,2,0.505833,0.665833,0.157971,3204
2,4,0,3,1,1,0.595,0.614167,0.241925,3944
2,4,0,4,1,1,0.459167,0.407083,0.325258,4189
2,4,0,5,1,2,0.336667,0.729583,0.219521,1683
2,4,0,6,0,2,0.46,0.887917,0.230725,4036
2,4,0,0,0,2,0.581667,0.810833,0.192175,4191
2,4,0,1,1,1,0.606667,0.776667,0.185333,4073
2,4,0,2,1,1,0.631667,0.729167,0.3265,4400
2,4,0,3,1,2,0.62,0.835417,0.3122,3872
2,4,0,4,1,2,0.6175,0.700833,0.320908,4058
2,4,0,5,1,1,0.51,0.457083,0.240063,4595
2,4,0,6,0,1,0.4725,0.503333,0.235075,5312
2,5,0,0,0,2,0.451667,0.762083,0.106354,3351
2,5,0,1,1,2,0.549167,0.73,0.183454,4401
2,5,0,2,1,2,0.616667,0.697083,0.342667,4451
2,5,0,3,1,2,0.414167,0.737083,0.328996,2633
2,5,0,4,1,1,0.459167,0.444167,0.295392,4433
2,5,0,5,1,1,0.479167,0.59,0.228246,4608
2,5,0,6,0,1,0.52,0.54125,0.16045,4714
2,5,0,0,0,1,0.528333,0.631667,0.0746375,4333
2,5,0,1,1,1,0.5325,0.58875,0.176,4362
2,5,0,2,1,1,0.5325,0.489167,0.115671,4803
2,5,0,3,1,1,0.5425,0.632917,0.120642,4182
2,5,0,4,1,1,0.535,0.7475,0.189667,4864
2,5,0,5,1,2,0.5125,0.863333,0.179725,4105
2,5,0,6,0,2,0.520833,0.9225,0.13495,3409
2,5,0,0,0,2,0.5625,0.867083,0.152979,4553
2,5,0,1,1,1,0.5775,0.787917,0.126871,3958
2,5,0,2,1,2,0.561667,0.837917,0.277354,4123
2,5,0,3,1,2,0.55,0.87,0.201492,3855
2,5,0,4,1,2,0.530833,0.829583,0.108213,4575
2,5,0,5,1,1,0.536667,0.719583,0.125013,4917
2,5,0,6,0,1,0.6025,0.626667,0.12065,5805
2,5,0,0,0,1,0.604167,0.749583,0.148008,4660
2,5,0,1,1,2,0.631667,0.81,0.233842,4274
2,5,0,2,1,2,0.66,0.740833,0.207092,4492
2,5,0,3,1,1,0.660833,0.69625,0.154233,4978
2,5,0,4,1,1,0.708333,0.6775,0.19964199999999999,4677
2,5,0,5,1,1,0.681667,0.65375,0.240679,4679
2,5,0,6,0,1,0.655833,0.729583,0.230092,4758
2,5,0,0,0,1,0.6675,0.81875,0.213938,4788
2,5,1,1,0,1,0.733333,0.685,0.131225,4098
2,5,0,2,1,1,0.775,0.636667,0.111329,3982
2,6,0,3,1,2,0.764167,0.677083,0.207092,3974
2,6,0,4,1,1,0.715,0.305,0.292287,4968
2,6,0,5,1,1,0.62,0.354167,0.253121,5312
2,6,0,6,0,1,0.635,0.45625,0.123142,5342
2,6,0,0,0,2,0.648333,0.6525,0.138692,4906
2,6,0,1,1,1,0.678333,0.6,0.121896,4548
2,6,0,2,1,1,0.7075,0.597917,0.187808,4833
2,6,0,3,1,1,0.775833,0.622083,0.136817,4401
2,6,0,4,1,2,0.808333,0.568333,0.149883,3915
2,6,0,5,1,1,0.755,0.605,0.140554,4586
2,6,0,6,0,1,0.725,0.654583,0.15485,4966
2,6,0,0,0,1,0.6925,0.747917,0.163567,4460
2,6,0,1,1,1,0.635,0.494583,0.30535,5020
2,6,0,2,1,1,0.604167,0.507083,0.269283,4891
2,6,0,3,1,1,0.626667,0.471667,0.167912,5180
2,6,0,4,1,2,0.628333,0.688333,0.206471,3767
2,6,0,5,1,1,0.649167,0.735833,0.143029,4844
2,6,0,6,0,1,0.696667,0.670417,0.119408,5119
2,6,0,0,0,2,0.699167,0.666667,0.102,4744
2,6,0,1,1,2,0.635,0.74625,0.155475,4010
3,6,0,2,1,2,0.680833,0.770417,0.171025,4835
3,6,0,3,1,1,0.733333,0.7075,0.172262,4507
3,6,0,4,1,2,0.728333,0.703333,0.238804,4790
3,6,0,5,1,1,0.724167,0.573333,0.222025,4991
3,6,0,6,0,1,0.695,0.483333,0.209571,5202
3,6,0,0,0,1,0.68,0.513333,0.0945333,5305
3,6,0,1,1,2,0.6825,0.658333,0.107588,4708
3,6,0,2,1,1,0.744167,0.634167,0.144283,4648
3,6,0,3,1,1,0.728333,0.497917,0.261821,5225
3,6,0,4,1,1,0.696667,0.434167,0.185312,5515
3,7,0,5,1,1,0.7225,0.39625,0.102608,5362
3,7,0,6,0,1,0.738333,0.444583,0.115062,5119
3,7,0,0,0,2,0.716667,0.6825,0.228858,4649
3,7,1,1,0,2,0.726667,0.637917,0.0814792,6043
3,7,0,2,1,1,0.746667,0.590417,0.126258,4665
3,7,0,3,1,1,0.72,0.743333,0.149883,4629
3,7,0,4,1,1,0.75,0.65125,0.1592,4592
3,7,0,5,1,2,0.709167,0.757917,0.225129,4040
3,7,0,6,0,1,0.733333,0.609167,0.167912,5336
3,7,0,0,0,1,0.7475,0.578333,0.183471,4881
3,7,0,1,1,1,0.7625,0.635833,0.282337,4086
3,7,0,2,1,1,0.794167,0.559167,0.200254,4258
3,7,0,3,1,1,0.746667,0.631667,0.146133,4342
3,7,0,4,1,1,0.680833,0.47625,0.240667,5084
3,7,0,5,1,1,0.663333,0.59125,0.182833,5538
3,7,0,6,0,1,0.686667,0.585,0.208342,5923
3,7,0,0,0,1,0.719167,0.604167,0.245033,5302
3,7,0,1,1,1,0.746667,0.65125,0.215804,4458
3,7,0,2,1,1,0.776667,0.650417,0.1306,4541
3,7,0,3,1,1,0.768333,0.707083,0.113817,4332
3,7,0,4,1,2,0.815,0.69125,0.222021,3784
3,7,0,5,1,1,0.848333,0.580417,0.1331,3387
3,7,0,6,0,1,0.849167,0.5,0.131221,3285
3,7,0,0,0,1,0.83,0.550833,0.169171,3606
3,7,0,1,1,1,0.743333,0.757083,0.0908083,3840
3,7,0,2,1,1,0.771667,0.540833,0.200258,4590
3,7,0,3,1,1,0.775,0.402917,0.183463,4656
3,7,0,4,1,1,0.779167,0.583333,0.178479,4390
3,7,0,5,1,1,0.838333,0.5425,0.174138,3846
3,7,0,6,0,1,0.804167,0.465833,0.168537,4475
3,7,0,0,0,1,0.805833,0.480833,0.164813,4302
3,8,0,1,1,1,0.771667,0.550833,0.156717,4266
3,8,0,2,1,1,0.783333,0.49125,0.20585,4845
3,8,0,3,1,2,0.731667,0.6575,0.135583,3574
3,8,0,4,1,2,0.71,0.7575,0.19715,4576
3,8,0,5,1,1,0.710833,0.630833,0.184696,4866
3,8,0,6,0,2,0.716667,0.755,0.22825,4294
3,8,0,0,0,1,0.7425,0.752917,0.201487,3785
3,8,0,1,1,1,0.765,0.592083,0.192175,4326
3,8,0,2,1,1,0.775,0.570417,0.151121,4602
3,8,0,3,1,1,0.766667,0.424167,0.200258,4780
3,8,0,4,1,1,0.7175,0.42375,0.164796,4792
3,8,0,5,1,1,0.708333,0.415,0.125621,4905
3,8,0,6,0,2,0.685833,0.729583,0.211454,4150
3,8,0,0,0,2,0.676667,0.8175,0.222633,3820
3,8,0,1,1,1,0.665833,0.712083,0.208954,4338
3,8,0,2,1,1,0.700833,0.578333,0.236329,4725
3,8,0,3,1,1,0.723333,0.575417,0.143667,4694
3,8,0,4,1,1,0.711667,0.654583,0.233208,3805
3,8,0,5,1,2,0.685,0.722917,0.139308,4153
3,8,0,6,0,1,0.6975,0.674167,0.104467,5191
3,8,0,0,0,1,0.710833,0.77,0.248754,3873
3,8,0,1,1,1,0.691667,0.47,0.27675,4758
3,8,0,2,1,1,0.640833,0.455417,0.146763,5895
3,8,0,3,1,1,0.673333,0.605,0.253108,5130
3,8,0,4,1,2,0.684167,0.771667,0.210833,3542
3,8,0,5,1,1,0.7,0.76125,0.0839625,4661
3,8,0,6,0,2,0.68,0.85,0.375617,1115
3,8,0,0,0,1,0.707059,0.561765,0.304659,4334
3,8,0,1,1,1,0.636667,0.554583,0.159825,4634
3,8,0,2,1,1,0.639167,0.548333,0.125008,5204
3,8,0,3,1,1,0.656667,0.597917,0.0833333,5058
3,9,0,4,1,1,0.655,0.639167,0.141796,5115
3,9,0,5,1,2,0.643333,0.727083,0.139929,4727
3,9,0,6,0,1,0.669167,0.716667,0.185325,4484
3,9,0,0,0,1,0.709167,0.742083,0.206467,4940
3,9,1,1,0,2,0.673333,0.790417,0.212696,3351
3,9,0,2,1,3,0.54,0.886957,0.343943,2710
3,9,0,3,1,3,0.599167,0.917083,0.0970208,1996
3,9,0,4,1,3,0.633913,0.939565,0.192748,1842
3,9,0,5,1,2,0.65,0.897917,0.124379,3544
3,9,0,6,0,1,0.66,0.75375,0.153608,5345
3,9,0,0,0,1,0.653333,0.71375,0.115054,5046
3,9,0,1,1,1,0.644348,0.692174,0.088913,4713
3,9,0,2,1,1,0.650833,0.7125,0.141804,4763
3,9,0,3,1,1,0.673333,0.697083,0.1673,4785
3,9,0,4,1,2,0.5775,0.709167,0.271146,3659
3,9,0,5,1,2,0.469167,0.590417,0.164183,4760
3,9,0,6,0,2,0.491667,0.718333,0.189675,4511
3,9,0,0,0,1,0.5075,0.695,0.178483,4274
3,9,0,1,1,2,0.549167,0.69,0.151742,4539
3,9,0,2,1,2,0.561667,0.88125,0.134954,3641
3,9,0,3,1,2,0.595,0.9,0.0964042,4352
3,9,0,4,1,2,0.628333,0.902083,0.128125,4795
4,9,0,5,1,2,0.609167,0.9725,0.0783667,2395
4,9,0,6,0,2,0.606667,0.8625,0.0783833,5423
4,9,0,0,0,2,0.634167,0.845,0.0503792,5010
4,9,0,1,1,2,0.649167,0.848333,0.1107,4630
4,9,0,2,1,2,0.636667,0.885417,0.118171,4120
4,9,0,3,1,2,0.635,0.84875,0.148629,3907
4,9,0,4,1,1,0.616667,0.699167,0.172883,4839
4,9,0,5,1,1,0.564167,0.6475,0.206475,5202
4,10,0,6,0,2,0.41,0.75375,0.292296,2429
4,10,0,0,0,2,0.356667,0.791667,0.222013,2918
4,10,0,1,1,2,0.384167,0.760833,0.0833458,3570
4,10,0,2,1,1,0.484167,0.71,0.205854,4456
4,10,0,3,1,1,0.538333,0.647917,0.17725,4826
4,10,0,4,1,1,0.494167,0.620833,0.134954,4765
4,10,0,5,1,1,0.510833,0.684167,0.0223917,4985
4,10,0,6,0,1,0.521667,0.70125,0.0454042,5409
4,10,0,0,0,1,0.540833,0.7275,0.06345,5511
4,10,1,1,0,1,0.570833,0.73375,0.0423042,5117
4,10,0,2,1,2,0.566667,0.80875,0.143042,4563
4,10,0,3,1,3,0.543333,0.90625,0.24815,2416
4,10,0,4,1,2,0.589167,0.896667,0.141787,2913
4,10,0,5,1,2,0.550833,0.71625,0.223883,3644
4,10,0,6,0,1,0.506667,0.483333,0.258083,5217
4,10,0,0,0,1,0.511667,0.486667,0.281717,5041
4,10,0,1,1,1,0.534167,0.579583,0.175379,4570
4,10,0,2,1,2,0.5325,0.701667,0.110087,4748
4,10,0,3,1,3,0.541739,0.895217,0.243339,2424
4,10,0,4,1,1,0.475833,0.63625,0.422275,4195
4,10,0,5,1,1,0.4275,0.574167,0.221396,4304
4,10,0,6,0,1,0.4225,0.629167,0.0926667,4308
4,10,0,0,0,1,0.421667,0.74125,0.0995125,4381
4,10,0,1,1,1,0.463333,0.772083,0.118792,4187
4,10,0,2,1,1,0.471667,0.622917,0.166658,4687
4,10,0,3,1,2,0.484167,0.720417,0.148642,3894
4,10,0,4,1,2,0.47,0.812917,0.197763,2659
4,10,0,5,1,2,0.330833,0.585833,0.229479,3747
4,10,0,6,0,3,0.254167,0.8825,0.351371,627
4,10,0,0,0,1,0.319167,0.62375,0.176617,3331
4,10,0,1,1,1,0.34,0.703333,0.10635,3669
4,11,0,2,1,1,0.400833,0.68375,0.135571,4068
4,11,0,3,1,1,0.3775,0.71875,0.0820917,4186
4,11,0,4,1,1,0.408333,0.702083,0.136817,3974
4,11,0,5,1,2,0.403333,0.6225,0.271779,4046
4,11,0,6,0,1,0.326667,0.519167,0.189062,3926
4,11,0,0,0,1,0.348333,0.734583,0.0920542,3649
4,11,0,1,1,1,0.395,0.75875,0.057225,4035
4,11,0,2,1,1,0.408333,0.721667,0.0690375,4205
4,11,0,3,1,1,0.4,0.758333,0.0621958,4109
4,11,0,4,1,2,0.38,0.813333,0.189067,2933
4,11,1,5,0,1,0.324167,0.44625,0.314675,3368
4,11,0,6,0,1,0.356667,0.552917,0.212062,4067
4,11,0,0,0,1,0.440833,0.458333,0.281721,3717
4,11,0,1,1,1,0.53,0.587083,0.306596,4486
4,11,0,2,1,2,0.53,0.68875,0.199633,4195
4,11,0,3,1,3,0.456667,0.93,0.136829,1817
4,11,0,4,1,2,0.341667,0.575833,0.305362,3053
4,11,0,5,1,1,0.274167,0.41,0.168533,3392
4,11,0,6,0,1,0.329167,0.502083,0.224496,3663
4,11,0,0,0,2,0.463333,0.684583,0.18595,3520
4,11,0,1,1,3,0.4475,0.91,0.138054,2765
4,11,0,2,1,3,0.416667,0.9625,0.118792,1607
4,11,0,3,1,2,0.440833,0.757917,0.335825,2566
4,11,1,4,0,1,0.373333,0.549167,0.167304,1495
4,11,0,5,1,1,0.375,0.64375,0.0988958,2792
4,11,0,6,0,1,0.375833,0.681667,0.0684208,3068
4,11,0,0,0,1,0.459167,0.698333,0.208954,3071
4,11,0,1,1,1,0.503478,0.743043,0.142122,3867
4,11,0,2,1,2,0.458333,0.830833,0.258092,2914
4,11,0,3,1,1,0.325,0.613333,0.271158,3613
4,12,0,4,1,1,0.3125,0.524583,0.220158,3727
4,12,0,5,1,1,0.314167,0.625833,0.100754,3940
4,12,0,6,0,1,0.299167,0.612917,0.0957833,3614
4,12,0,0,0,1,0.330833,0.775833,0.0839583,3485
4,12,0,1,1,2,0.385833,0.827083,0.0622083,3811
4,12,0,2,1,3,0.4625,0.949583,0.232583,2594
4,12,0,3,1,3,0.41,0.970417,0.266175,705
4,12,0,4,1,1,0.265833,0.58,0.240058,3322
4,12,0,5,1,1,0.290833,0.695833,0.0827167,3620
4,12,0,6,0,1,0.275,0.5075,0.233221,3190
4,12,0,0,0,1,0.220833,0.49,0.0665417,2743
4,12,0,1,1,1,0.238333,0.670833,0.06345,3310
4,12,0,2,1,1,0.2825,0.59,0.14055,3523
4,12,0,3,1,2,0.3175,0.66375,0.0609583,3740
4,12,0,4,1,2,0.4225,0.634167,0.268042,3709
4,12,0,5,1,2,0.375,0.500417,0.260575,3577
4,12,0,6,0,2,0.258333,0.560833,0.243167,2739
4,12,0,0,0,1,0.238333,0.58625,0.169779,2431
4,12,0,1,1,1,0.276667,0.6375,0.172896,3403
4,12,0,2,1,2,0.385833,0.595417,0.0615708,3750
1,12,0,3,1,2,0.428333,0.858333,0.2214,2660
1,12,0,4,1,2,0.423333,0.7575,0.047275,3068
1,12,0,5,1,1,0.373333,0.68625,0.274246,2209
1,12,0,6,0,1,0.3025,0.5425,0.190304,1011
1,12,0,0,0,1,0.274783,0.681304,0.155091,754
1,12,1,1,0,1,0.321739,0.506957,0.239465,1317
1,12,0,2,1,2,0.325,0.7625,0.18845,1162
1,12,0,3,1,1,0.29913,0.50391300000000006,0.293961,2302
1,12,0,4,1,1,0.248333,0.574167,0.119412,2423
1,12,0,5,1,1,0.311667,0.636667,0.134337,2999
1,12,0,6,0,1,0.41,0.615833,0.220154,2485
1,1,0,0,0,1,0.37,0.6925,0.192167,2294
1,1,1,1,0,1,0.273043,0.381304,0.329665,1951
1,1,0,2,1,1,0.15,0.44125,0.365671,2236
1,1,0,3,1,2,0.1075,0.414583,0.1847,2368
1,1,0,4,1,1,0.265833,0.524167,0.129987,3272
1,1,0,5,1,1,0.334167,0.542083,0.167908,4098
1,1,0,6,0,1,0.393333,0.531667,0.174758,4521
1,1,0,0,0,1,0.3375,0.465,0.191542,3425
1,1,0,1,1,2,0.224167,0.701667,0.0989,2376
1,1,0,2,1,1,0.308696,0.646522,0.187552,3598
1,1,0,3,1,2,0.274167,0.8475,0.131221,2177
1,1,0,4,1,2,0.3825,0.802917,0.180967,4097
1,1,0,5,1,1,0.274167,0.5075,0.378108,3214
1,1,0,6,0,1,0.18,0.4575,0.187183,2493
1,1,0,0,0,1,0.166667,0.419167,0.251258,2311
1,1,1,1,0,1,0.19,0.5225,0.231358,2298
1,1,0,2,1,2,0.373043,0.716087,0.34913,2935
1,1,0,3,1,1,0.303333,0.443333,0.415429,3376
1,1,0,4,1,1,0.19,0.4975,0.220158,3292
1,1,0,5,1,2,0.2175,0.45,0.20275,3163
1,1,0,6,0,2,0.173333,0.83125,0.222642,1301
1,1,0,0,0,2,0.1625,0.79625,0.199638,1977
1,1,0,1,1,2,0.218333,0.91125,0.110708,2432
1,1,0,2,1,1,0.3425,0.835833,0.123767,4339
1,1,0,3,1,1,0.294167,0.64375,0.161071,4270
1,1,0,4,1,2,0.341667,0.769583,0.0733958,4075
1,1,0,5,1,2,0.425,0.74125,0.342667,3456
1,1,0,6,0,1,0.315833,0.543333,0.210829,4023
1,1,0,0,0,1,0.2825,0.31125,0.24005,3243
1,1,0,1,1,1,0.269167,0.400833,0.215792,3624
1,1,0,2,1,1,0.39,0.416667,0.261817,4509
1,2,0,3,1,1,0.469167,0.507917,0.189067,4579
1,2,0,4,1,2,0.399167,0.672917,0.187187,3761
1,2,0,5,1,1,0.313333,0.526667,0.178496,4151
1,2,0,6,0,2,0.264167,0.779583,0.121896,2832
1,2,0,0,0,2,0.265833,0.687917,0.175996,2947
1,2,0,1,1,1,0.282609,0.622174,0.1538,3784
1,2,0,2,1,1,0.354167,0.49625,0.147379,4375
1,2,0,3,1,2,0.256667,0.722917,0.133721,2802
1,2,0,4,1,1,0.265,0.562083,0.194037,3830
1,2,0,5,1,2,0.280833,0.54,0.116929,3831
1,2,0,6,0,3,0.224167,0.73125,0.289796,2169
1,2,0,0,0,1,0.1275,0.464583,0.409212,1529
1,2,0,1,1,1,0.2225,0.41125,0.167283,3422
1,2,0,2,1,2,0.319167,0.50875,0.141179,3922
1,2,0,3,1,1,0.348333,0.53125,0.1816,4169
1,2,0,4,1,2,0.316667,0.752917,0.091425,3005
1,2,0,5,1,1,0.343333,0.634583,0.205846,4154
1,2,0,6,0,1,0.346667,0.534583,0.190929,4318
1,2,0,0,0,2,0.28,0.515833,0.253112,2689
1,2,1,1,0,1,0.28,0.507826,0.229083,3129
1,2,0,2,1,1,0.287826,0.594348,0.205717,3777
1,2,0,3,1,1,0.395833,0.567917,0.234471,4773
1,2,0,4,1,1,0.454167,0.554583,0.190913,5062
1,2,0,5,1,2,0.4075,0.7375,0.237567,3487
1,2,0,6,0,1,0.290833,0.395833,0.421642,2732
1,2,0,0,0,1,0.279167,0.41,0.205229,3389
1,2,0,1,1,1,0.366667,0.490833,0.268033,4322
1,2,0,2,1,1,0.359167,0.395833,0.193417,4363
1,2,0,3,1,2,0.344348,0.804783,0.179117,1834
1,3,0,4,1,1,0.485833,0.615417,0.226987,4990
1,3,0,5,1,2,0.353333,0.657083,0.144904,3194
1,3,0,6,0,2,0.414167,0.62125,0.161079,4066
1,3,0,0,0,1,0.325833,0.403333,0.334571,3423
1,3,0,1,1,1,0.243333,0.50625,0.228858,3333
1,3,0,2,1,1,0.258333,0.456667,0.200875,3956
1,3,0,3,1,1,0.404167,0.513333,0.345779,4916
1,3,0,4,1,1,0.5275,0.5675,0.441563,5382
1,3,0,5,1,2,0.410833,0.407083,0.4148,4569
1,3,0,6,0,1,0.2875,0.350417,0.22575,4118
1,3,0,0,0,1,0.361739,0.476957,0.222587,4911
1,3,0,1,1,1,0.466667,0.489167,0.207713,5298
1,3,0,2,1,1,0.565,0.6175,0.23695,5847
1,3,0,3,1,1,0.5725,0.507083,0.115062,6312
1,3,0,4,1,1,0.5575,0.579583,0.149883,6192
1,3,0,5,1,2,0.435833,0.842083,0.113192,4378
1,3,0,6,0,2,0.514167,0.755833,0.110704,7836
1,3,0,0,0,2,0.4725,0.81,0.126883,5892
1,3,0,1,1,1,0.545,0.72875,0.162317,6153
1,3,0,2,1,1,0.560833,0.807917,0.121271,6093
2,3,0,3,1,2,0.531667,0.82125,0.0895583,6230
2,3,0,4,1,1,0.554167,0.83125,0.117562,6871
2,3,0,5,1,2,0.601667,0.694167,0.1163,8362
2,3,0,6,0,2,0.5025,0.885417,0.192783,3372
2,3,0,0,0,2,0.4375,0.880833,0.220775,4996
2,3,0,1,1,1,0.445833,0.477917,0.386821,5558
2,3,0,2,1,1,0.323333,0.29,0.187192,5102
2,3,0,3,1,1,0.484167,0.48125,0.291671,5698
2,3,0,4,1,1,0.494167,0.439167,0.31965,6133
2,3,0,5,1,2,0.37,0.580833,0.138067,5459
2,3,0,6,0,2,0.424167,0.738333,0.250617,6235
2,4,0,0,0,2,0.425833,0.67625,0.172267,6041
2,4,0,1,1,1,0.433913,0.504348,0.312139,5936
2,4,0,2,1,1,0.466667,0.396667,0.100133,6772
2,4,0,3,1,1,0.541667,0.469583,0.180975,6436
2,4,0,4,1,1,0.435,0.374167,0.219529,6457
2,4,0,5,1,1,0.403333,0.377083,0.300388,6460
2,4,0,6,0,1,0.4375,0.254167,0.274871,6857
2,4,0,0,0,1,0.5,0.275833,0.232596,5169
2,4,0,1,1,1,0.489167,0.3175,0.358196,5585
2,4,0,2,1,1,0.446667,0.435,0.249375,5918
2,4,0,3,1,1,0.348696,0.469565,0.295274,4862
2,4,0,4,1,1,0.3975,0.46625,0.290429,5409
2,4,0,5,1,1,0.4425,0.408333,0.155471,6398
2,4,0,6,0,1,0.495,0.502917,0.190917,7460
2,4,0,0,0,1,0.606667,0.507917,0.225129,7132
2,4,1,1,0,1,0.664167,0.561667,0.284829,6370
2,4,0,2,1,1,0.608333,0.390417,0.273629,6691
2,4,0,3,1,2,0.463333,0.569167,0.167912,4367
2,4,0,4,1,1,0.498333,0.6125,0.0659292,6565
2,4,0,5,1,1,0.526667,0.694583,0.149871,7290
2,4,0,6,0,1,0.57,0.682917,0.283587,6624
2,4,0,0,0,3,0.396667,0.835417,0.344546,1027
2,4,0,1,1,2,0.321667,0.766667,0.303496,3214
2,4,0,2,1,1,0.413333,0.454167,0.249383,5633
2,4,0,3,1,1,0.476667,0.427917,0.118792,6196
2,4,0,4,1,2,0.498333,0.756667,0.176625,5026
2,4,0,5,1,1,0.4575,0.400833,0.347633,6233
2,4,0,6,0,2,0.376667,0.489583,0.129975,4220
2,4,0,0,0,1,0.458333,0.587083,0.116908,6304
2,4,0,1,1,2,0.464167,0.57,0.171638,5572
2,5,0,2,1,2,0.613333,0.659583,0.156096,5740
2,5,0,3,1,1,0.564167,0.797083,0.138058,6169
2,5,0,4,1,2,0.56,0.768333,0.133696,6421
2,5,0,5,1,1,0.6275,0.735417,0.162938,6296
2,5,0,6,0,2,0.621667,0.756667,0.152992,6883
2,5,0,0,0,2,0.5625,0.74,0.149879,6359
2,5,0,1,1,2,0.5375,0.664167,0.230721,6273
2,5,0,2,1,2,0.581667,0.685833,0.296029,5728
2,5,0,3,1,2,0.575,0.744167,0.216412,4717
2,5,0,4,1,1,0.505833,0.552083,0.314063,6572
2,5,0,5,1,1,0.533333,0.360417,0.236937,7030
2,5,0,6,0,1,0.564167,0.480417,0.123133,7429
2,5,0,0,0,1,0.6125,0.57625,0.225117,6118
2,5,0,1,1,2,0.573333,0.789583,0.212692,2843
2,5,0,2,1,2,0.611667,0.794583,0.147392,5115
2,5,0,3,1,1,0.636667,0.697917,0.122512,7424
2,5,0,4,1,1,0.593333,0.52,0.229475,7384
2,5,0,5,1,1,0.564167,0.523333,0.136817,7639
2,5,0,6,0,1,0.6,0.45625,0.083975,8294
2,5,0,0,0,1,0.620833,0.530417,0.254367,7129
2,5,0,1,1,2,0.598333,0.81125,0.233204,4359
2,5,0,2,1,2,0.615,0.765833,0.118167,6073
2,5,0,3,1,2,0.621667,0.774583,0.102,5260
2,5,0,4,1,1,0.655,0.716667,0.172896,6770
2,5,0,5,1,1,0.68,0.747083,0.14055,6734
2,5,0,6,0,1,0.6925,0.7325,0.198992,6536
2,5,0,0,0,1,0.69,0.697083,0.215171,6591
2,5,1,1,0,1,0.7125,0.67625,0.196521,6043
2,5,0,2,1,1,0.7225,0.684583,0.2954,5743
2,5,0,3,1,2,0.656667,0.67,0.134329,6855
2,5,0,4,1,1,0.68,0.492917,0.195279,7338
2,6,0,5,1,2,0.654167,0.755417,0.237563,4127
2,6,0,6,0,1,0.583333,0.549167,0.186562,8120
2,6,0,0,0,1,0.6025,0.493333,0.184087,7641
2,6,0,1,1,1,0.5975,0.487083,0.284833,6998
2,6,0,2,1,2,0.540833,0.613333,0.209575,7001
2,6,0,3,1,1,0.554167,0.61125,0.077125,7055
2,6,0,4,1,1,0.6025,0.567083,0.15735,7494
2,6,0,5,1,1,0.649167,0.467917,0.175383,7736
2,6,0,6,0,1,0.710833,0.437083,0.144287,7498
2,6,0,0,0,1,0.726667,0.538333,0.133721,6598
2,6,0,1,1,2,0.720833,0.587917,0.207713,6664
2,6,0,2,1,2,0.653333,0.833333,0.214546,4972
2,6,0,3,1,1,0.655833,0.582083,0.343279,7421
2,6,0,4,1,1,0.648333,0.569583,0.253733,7363
2,6,0,5,1,1,0.639167,0.589583,0.176617,7665
2,6,0,6,0,1,0.631667,0.504167,0.166667,7702
2,6,0,0,0,1,0.5925,0.59875,0.144904,6978
2,6,0,1,1,2,0.568333,0.777917,0.174746,5099
2,6,0,2,1,1,0.688333,0.69,0.148017,6825
2,6,0,3,1,1,0.7825,0.592083,0.113812,6211
3,6,0,4,1,1,0.805833,0.567917,0.118787,5905
3,6,0,5,1,1,0.7775,0.57375,0.182842,5823
3,6,0,6,0,1,0.731667,0.534583,0.179721,7458
3,6,0,0,0,1,0.743333,0.479167,0.145525,6891
3,6,0,1,1,1,0.715833,0.504167,0.300383,6779
3,6,0,2,1,1,0.630833,0.373333,0.347642,7442
3,6,0,3,1,1,0.6975,0.36,0.271775,7335
3,6,0,4,1,1,0.749167,0.4225,0.17165,6879
3,6,0,5,1,1,0.834167,0.48875,0.165417,5463
3,6,0,6,0,1,0.765,0.60125,0.161071,5687
3,7,0,0,0,1,0.815833,0.51875,0.168529,5531
3,7,0,1,1,1,0.781667,0.447083,0.195267,6227
3,7,0,2,1,1,0.780833,0.492083,0.126237,6660
3,7,1,3,0,1,0.789167,0.53875,0.13495,7403
3,7,0,4,1,1,0.8275,0.457917,0.194029,6241
3,7,0,5,1,1,0.828333,0.450833,0.146142,6207
3,7,0,6,0,1,0.861667,0.492083,0.163554,4840
3,7,0,0,0,1,0.8225,0.57375,0.125629,4672
3,7,0,1,1,2,0.710833,0.683333,0.180975,6569
3,7,0,2,1,2,0.720833,0.6675,0.151737,6290
3,7,0,3,1,1,0.716667,0.633333,0.151733,7264
3,7,0,4,1,1,0.715833,0.529583,0.146775,7446
3,7,0,5,1,2,0.731667,0.485833,0.08085,7499
3,7,0,6,0,2,0.703333,0.699167,0.143679,6969
3,7,0,0,0,1,0.745833,0.717917,0.166667,6031
3,7,0,1,1,1,0.763333,0.645,0.164187,6830
3,7,0,2,1,1,0.818333,0.505833,0.114429,6786
3,7,0,3,1,1,0.793333,0.577083,0.137442,5713
3,7,0,4,1,1,0.77,0.600417,0.165429,6591
3,7,0,5,1,2,0.665833,0.844167,0.20896700000000001,5870
3,7,0,6,0,3,0.595833,0.865417,0.2133,4459
3,7,0,0,0,2,0.6675,0.7625,0.0939208,7410
3,7,0,1,1,1,0.741667,0.694167,0.138683,6966
3,7,0,2,1,1,0.750833,0.655,0.211454,7592
3,7,0,3,1,1,0.724167,0.45,0.1648,8173
3,7,0,4,1,1,0.776667,0.596667,0.284813,6861
3,7,0,5,1,1,0.781667,0.594583,0.152992,6904
3,7,0,6,0,1,0.755833,0.613333,0.15735,6685
3,7,0,0,0,1,0.721667,0.62375,0.170396,6597
3,7,0,1,1,1,0.730833,0.66875,0.153617,7105
3,7,0,2,1,1,0.713333,0.704167,0.165425,7216
3,8,0,3,1,1,0.7175,0.6775,0.141179,7580
3,8,0,4,1,1,0.7525,0.659583,0.129354,7261
3,8,0,5,1,2,0.765833,0.6425,0.215792,7175
3,8,0,6,0,1,0.793333,0.613333,0.257458,6824
3,8,0,0,0,1,0.769167,0.6525,0.290421,5464
3,8,0,1,1,2,0.7525,0.654167,0.129354,7013
3,8,0,2,1,2,0.735833,0.70375,0.116908,7273
3,8,0,3,1,2,0.75,0.672917,0.1107,7534
3,8,0,4,1,1,0.755833,0.620417,0.1561,7286
3,8,0,5,1,2,0.715833,0.715833,0.238813,5786
3,8,0,6,0,2,0.6925,0.732917,0.206479,6299
3,8,0,0,0,1,0.700833,0.530417,0.122512,6544
3,8,0,1,1,1,0.720833,0.545417,0.136212,6883
3,8,0,2,1,1,0.726667,0.686667,0.169158,6784
3,8,0,3,1,1,0.706667,0.619583,0.169771,7347
3,8,0,4,1,1,0.719167,0.519167,0.141796,7605
3,8,0,5,1,1,0.723333,0.570833,0.231354,7148
3,8,0,6,0,1,0.678333,0.603333,0.177867,7865
3,8,0,0,0,2,0.635833,0.711667,0.08645,4549
3,8,0,1,1,2,0.635833,0.734167,0.129979,6530
3,8,0,2,1,1,0.649167,0.67375,0.0727708,7006
3,8,0,3,1,1,0.6675,0.677083,0.0702833,7375
3,8,0,4,1,1,0.695833,0.635833,0.0845958,7765
3,8,0,5,1,2,0.7025,0.615,0.0721458,7582
3,8,0,6,0,2,0.661667,0.712917,0.244408,6053
3,8,0,0,0,2,0.653333,0.845833,0.228858,5255
3,8,0,1,1,1,0.703333,0.730417,0.128733,6917
3,8,0,2,1,1,0.728333,0.62,0.190925,7040
3,8,0,3,1,1,0.685,0.552083,0.112562,7697
3,8,0,4,1,1,0.706667,0.590417,0.0771167,7713
3,8,0,5,1,1,0.764167,0.5875,0.168533,7350
3,9,0,6,0,2,0.753333,0.638333,0.113187,6140
3,9,0,0,0,2,0.696667,0.815,0.0640708,5810
3,9,1,1,0,1,0.7075,0.790833,0.151121,6034
3,9,0,2,1,1,0.725833,0.755,0.236321,6864
3,9,0,3,1,1,0.736667,0.74125,0.187808,7112
3,9,0,4,1,2,0.696667,0.810417,0.142421,6203
3,9,0,5,1,1,0.703333,0.73625,0.171646,7504
3,9,0,6,0,2,0.659167,0.799167,0.281104,5976
3,9,0,0,0,1,0.61,0.5475,0.224496,8227
3,9,0,1,1,1,0.583333,0.50375,0.258713,7525
3,9,0,2,1,1,0.5775,0.52,0.0920542,7767
3,9,0,3,1,1,0.599167,0.577083,0.131846,7870
3,9,0,4,1,1,0.6125,0.637083,0.0827208,7804
3,9,0,5,1,1,0.633333,0.6725,0.103863,8009
3,9,0,6,0,1,0.608333,0.501667,0.247521,8714
3,9,0,0,0,1,0.58,0.57,0.0901833,7333
3,9,0,1,1,2,0.580833,0.734583,0.151742,6869
3,9,0,2,1,2,0.623333,0.8725,0.357587,4073
3,9,0,3,1,1,0.5525,0.536667,0.215175,7591
3,9,0,4,1,1,0.546667,0.618333,0.118167,7720
3,9,0,5,1,1,0.599167,0.66875,0.154229,8167
3,9,0,6,0,1,0.65,0.646667,0.283583,8395
4,9,0,0,0,1,0.529167,0.467083,0.223258,7907
4,9,0,1,1,1,0.514167,0.492917,0.142404,7436
4,9,0,2,1,1,0.55,0.57,0.236321,7538
4,9,0,3,1,1,0.635,0.630833,0.2444,7733
4,9,0,4,1,2,0.65,0.690833,0.134342,7393
4,9,0,5,1,2,0.619167,0.69,0.164179,7415
4,9,0,6,0,1,0.5425,0.542917,0.227604,8555
4,9,0,0,0,1,0.526667,0.583333,0.134958,6889
4,10,0,1,1,2,0.520833,0.649167,0.0908042,6778
4,10,0,2,1,3,0.590833,0.871667,0.104475,4639
4,10,0,3,1,2,0.6575,0.79375,0.0665458,7572
4,10,0,4,1,2,0.6575,0.722917,0.117546,7328
4,10,0,5,1,1,0.615,0.6275,0.10635,8156
4,10,0,6,0,1,0.554167,0.664167,0.268025,7965
4,10,0,0,0,2,0.415833,0.708333,0.141162,3510
4,10,1,1,0,2,0.383333,0.709583,0.189679,5478
4,10,0,2,1,2,0.446667,0.761667,0.1903,6392
4,10,0,3,1,1,0.514167,0.630833,0.187821,7691
4,10,0,4,1,1,0.435,0.463333,0.181596,7570
4,10,0,5,1,1,0.4375,0.539167,0.235092,7282
4,10,0,6,0,1,0.393333,0.494583,0.146142,7109
4,10,0,0,0,1,0.521667,0.640417,0.278612,6639
4,10,0,1,1,2,0.561667,0.7075,0.296037,5875
4,10,0,2,1,1,0.468333,0.558333,0.182221,7534
4,10,0,3,1,1,0.455833,0.692917,0.101371,7461
4,10,0,4,1,2,0.5225,0.728333,0.236937,7509
4,10,0,5,1,2,0.563333,0.815,0.134954,5424
4,10,0,6,0,1,0.484167,0.572917,0.117537,8090
4,10,0,0,0,1,0.464167,0.51,0.166054,6824
4,10,0,1,1,1,0.4875,0.568333,0.0814833,7058
4,10,0,2,1,1,0.544167,0.641667,0.0945458,7466
4,10,0,3,1,1,0.5875,0.63625,0.0727792,7693
4,10,0,4,1,2,0.55,0.800417,0.124375,7359
4,10,0,5,1,2,0.545833,0.807083,0.132467,7444
4,10,0,6,0,2,0.53,0.72,0.235692,7852
4,10,0,0,0,2,0.4775,0.694583,0.398008,4459
4,10,0,1,1,3,0.44,0.88,0.3582,22
4,10,0,2,1,2,0.318182,0.825455,0.213009,1096
4,10,0,3,1,2,0.3575,0.666667,0.166667,5566
4,11,0,4,1,2,0.365833,0.581667,0.157346,5986
4,11,0,5,1,1,0.355,0.522083,0.266175,5847
4,11,0,6,0,2,0.343333,0.49125,0.270529,5138
4,11,0,0,0,1,0.325833,0.532917,0.179108,5107
4,11,0,1,1,1,0.319167,0.494167,0.236325,5259
4,11,0,2,1,1,0.280833,0.567083,0.173513,5686
4,11,0,3,1,2,0.295833,0.5475,0.304108,5035
4,11,0,4,1,1,0.352174,0.333478,0.347835,5315
4,11,0,5,1,1,0.361667,0.540833,0.214558,5992
4,11,0,6,0,1,0.389167,0.645417,0.0578458,6536
4,11,0,0,0,1,0.420833,0.659167,0.1275,6852
4,11,1,1,0,1,0.485,0.741667,0.173517,6269
4,11,0,2,1,2,0.343333,0.662917,0.342046,4094
4,11,0,3,1,1,0.289167,0.552083,0.199625,5495
4,11,0,4,1,2,0.321667,0.620417,0.152987,5445
4,11,0,5,1,1,0.345,0.524583,0.171025,5698
4,11,0,6,0,1,0.325,0.545417,0.179729,5629
4,11,0,0,0,1,0.3425,0.692917,0.227612,4669
4,11,0,1,1,2,0.380833,0.623333,0.235067,5499
4,11,0,2,1,2,0.374167,0.685,0.082725,5634
4,11,0,3,1,1,0.353333,0.61375,0.103246,5146
4,11,1,4,0,1,0.34,0.580417,0.0528708,2425
4,11,0,5,1,1,0.368333,0.56875,0.148021,3910
4,11,0,6,0,1,0.278333,0.404583,0.376871,2277
4,11,0,0,0,1,0.245833,0.468333,0.1505,2424
4,11,0,1,1,1,0.313333,0.535417,0.04665,5087
4,11,0,2,1,2,0.291667,0.786667,0.237562,3959
4,11,0,3,1,1,0.296667,0.50625,0.210821,5260
4,11,0,4,1,1,0.28087,0.555652,0.115522,5323
4,11,0,5,1,1,0.298333,0.649583,0.0584708,5668
4,12,0,6,0,2,0.298333,0.806667,0.0597042,5191
4,12,0,0,0,2,0.3475,0.823333,0.124379,4649
4,12,0,1,1,1,0.4525,0.7675,0.0827208,6234
4,12,0,2,1,1,0.475833,0.73375,0.174129,6606
4,12,0,3,1,1,0.438333,0.485,0.324021,5729
4,12,0,4,1,1,0.255833,0.50875,0.174754,5375
4,12,0,5,1,2,0.320833,0.764167,0.1306,5008
4,12,0,6,0,2,0.381667,0.91125,0.101379,5582
4,12,0,0,0,2,0.384167,0.905417,0.157975,3228
4,12,0,1,1,2,0.435833,0.925,0.190308,5170
4,12,0,2,1,2,0.353333,0.596667,0.296037,5501
4,12,0,3,1,2,0.2975,0.538333,0.162937,5319
4,12,0,4,1,1,0.295833,0.485833,0.174129,5532
4,12,0,5,1,1,0.281667,0.642917,0.131229,5611
4,12,0,6,0,1,0.324167,0.650417,0.10635,5047
4,12,0,0,0,2,0.3625,0.83875,0.100742,3786
4,12,0,1,1,2,0.393333,0.907083,0.0982583,4585
4,12,0,2,1,1,0.410833,0.66625,0.221404,5557
4,12,0,3,1,1,0.3325,0.625417,0.184092,5267
4,12,0,4,1,2,0.33,0.667917,0.132463,4128
1,12,0,5,1,2,0.326667,0.556667,0.374383,3623
1,12,0,6,0,1,0.265833,0.44125,0.407346,1749
1,12,0,0,0,1,0.245833,0.515417,0.133083,1787
1,12,0,1,1,2,0.231304,0.791304,0.0772304,920
1,12,1,2,0,2,0.291304,0.734783,0.168726,1013
1,12,0,3,1,3,0.243333,0.823333,0.316546,441
1,12,0,4,1,2,0.254167,0.652917,0.350133,2114
1,12,0,5,1,2,0.253333,0.59,0.155471,3095
1,12,0,6,0,2,0.253333,0.752917,0.124383,1341
1,12,0,0,0,1,0.255833,0.483333,0.350754,1796
1,12,0,1,1,2,0.215833,0.5775,0.154846,2729
